email,password
student1@example.com,pass123
student2@example.com,mypassword
student3@example.com,test123
email,password
test@example.com,1234
email,password
test@example.com,1234
yashshree@gmail.com,1414
reyansh.desai@gmail.com,Reyansh@123
aditya.kumar@gmail.com,Aditya@123
aarav.sharma@gmail.com,Aarav@123
aarav.sharma@gmail.com,Aarav@123
arjun.reddy@gmail.com,Arjun@123
aadhya.reddy@gmail.com,Aadhya@123
avni.mehta@gmail.com,Avni@123
meera.patel@gmail.com,Meera@123
ishaan.verma@gmail.com,Ishaan@123
diya.kumar@gmail.com,Diya@123
ishaan.gupta@gmail.com,Ishaan@123
diya.nair@gmail.com,Diya@123
shaurya.singh@gmail.com,Shaurya@123
diya.gupta@gmail.com,Diya@123
vihaan.kumar@gmail.com,Vihaan@123
meera.verma@gmail.com,Meera@123
shaurya.nair@gmail.com,Shaurya@123
avni.nair@gmail.com,Avni@123
krishna.singh@gmail.com,Krishna@123
krishna.patel@gmail.com,Krishna@123
meera.nair@gmail.com,Meera@123
krishna.desai@gmail.com,Krishna@123
aadhya.kumar@gmail.com,Aadhya@123
anaya.gupta@gmail.com,Anaya@123
vihaan.singh@gmail.com,Vihaan@123
reyansh.gupta@gmail.com,Reyansh@123
sai.kumar@gmail.com,Sai@123
shaurya.verma@gmail.com,Shaurya@123
meera.singh@gmail.com,Meera@123
meera.kumar@gmail.com,Meera@123
vihaan.mehta@gmail.com,Vihaan@123
diya.verma@gmail.com,Diya@123
saanvi.kumar@gmail.com,Saanvi@123
vihaan.reddy@gmail.com,Vihaan@123
ira.sharma@gmail.com,Ira@123
ira.desai@gmail.com,Ira@123
aditya.mehta@gmail.com,Aditya@123
ishaan.verma@gmail.com,Ishaan@123
aarohi.desai@gmail.com,Aarohi@123
krishna.singh@gmail.com,Krishna@123
anika.gupta@gmail.com,Anika@123
anaya.sharma@gmail.com,Anaya@123
myra.gupta@gmail.com,Myra@123
anaya.kumar@gmail.com,Anaya@123
vihaan.reddy@gmail.com,Vihaan@123
aadhya.verma@gmail.com,Aadhya@123
arjun.mehta@gmail.com,Arjun@123
saanvi.mehta@gmail.com,Saanvi@123
arjun.sharma@gmail.com,Arjun@123
anika.kumar@gmail.com,Anika@123
saanvi.desai@gmail.com,Saanvi@123
aadhya.singh@gmail.com,Aadhya@123
anaya.desai@gmail.com,Anaya@123
diya.sharma@gmail.com,Diya@123
vivaan.singh@gmail.com,Vivaan@123
ishaan.singh@gmail.com,Ishaan@123
shaurya.desai@gmail.com,Shaurya@123
vihaan.verma@gmail.com,Vihaan@123
anaya.nair@gmail.com,Anaya@123
avni.desai@gmail.com,Avni@123
myra.reddy@gmail.com,Myra@123
anaya.singh@gmail.com,Anaya@123
avni.patel@gmail.com,Avni@123
anika.singh@gmail.com,Anika@123
vivaan.reddy@gmail.com,Vivaan@123
arjun.kumar@gmail.com,Arjun@123
arjun.verma@gmail.com,Arjun@123
reyansh.patel@gmail.com,Reyansh@123
aadhya.reddy@gmail.com,Aadhya@123
ishaan.singh@gmail.com,Ishaan@123
krishna.gupta@gmail.com,Krishna@123
aarav.gupta@gmail.com,Aarav@123
reyansh.reddy@gmail.com,Reyansh@123
myra.nair@gmail.com,Myra@123
vihaan.nair@gmail.com,Vihaan@123
myra.patel@gmail.com,Myra@123
vivaan.gupta@gmail.com,Vivaan@123
vihaan.singh@gmail.com,Vihaan@123
vivaan.patel@gmail.com,Vivaan@123
vihaan.verma@gmail.com,Vihaan@123
aditya.kumar@gmail.com,Aditya@123
krishna.gupta@gmail.com,Krishna@123
vivaan.mehta@gmail.com,Vivaan@123
sai.nair@gmail.com,Sai@123
vihaan.desai@gmail.com,Vihaan@123
vihaan.singh@gmail.com,Vihaan@123
aarav.kumar@gmail.com,Aarav@123
ira.kumar@gmail.com,Ira@123
reyansh.sharma@gmail.com,Reyansh@123
shaurya.singh@gmail.com,Shaurya@123
ishaan.nair@gmail.com,Ishaan@123
avni.reddy@gmail.com,Avni@123
vivaan.mehta@gmail.com,Vivaan@123
reyansh.gupta@gmail.com,Reyansh@123
anaya.kumar@gmail.com,Anaya@123
aadhya.reddy@gmail.com,Aadhya@123
saanvi.singh@gmail.com,Saanvi@123
aadhya.sharma@gmail.com,Aadhya@123
anaya.singh@gmail.com,Anaya@123
sai.singh@gmail.com,Sai@123
sai.verma@gmail.com,Sai@123
meera.patel@gmail.com,Meera@123
myra.mehta@gmail.com,Myra@123
aarohi.kumar@gmail.com,Aarohi@123
shaurya.verma@gmail.com,Shaurya@123
aditya.gupta@gmail.com,Aditya@123
aditya.desai@gmail.com,Aditya@123
shaurya.verma@gmail.com,Shaurya@123
ishaan.gupta@gmail.com,Ishaan@123
anika.patel@gmail.com,Anika@123
vihaan.gupta@gmail.com,Vihaan@123
myra.desai@gmail.com,Myra@123
ishaan.reddy@gmail.com,Ishaan@123
ira.mehta@gmail.com,Ira@123
sai.patel@gmail.com,Sai@123
aarohi.patel@gmail.com,Aarohi@123
diya.patel@gmail.com,Diya@123
anaya.verma@gmail.com,Anaya@123
aditya.kumar@gmail.com,Aditya@123
reyansh.patel@gmail.com,Reyansh@123
avni.gupta@gmail.com,Avni@123
ishaan.patel@gmail.com,Ishaan@123
diya.patel@gmail.com,Diya@123
arjun.kumar@gmail.com,Arjun@123
arjun.mehta@gmail.com,Arjun@123
sai.verma@gmail.com,Sai@123
vivaan.sharma@gmail.com,Vivaan@123
arjun.reddy@gmail.com,Arjun@123
ira.patel@gmail.com,Ira@123
anika.gupta@gmail.com,Anika@123
anika.mehta@gmail.com,Anika@123
anika.gupta@gmail.com,Anika@123
aditya.verma@gmail.com,Aditya@123
aarav.desai@gmail.com,Aarav@123
ishaan.nair@gmail.com,Ishaan@123
aarav.verma@gmail.com,Aarav@123
aarohi.kumar@gmail.com,Aarohi@123
anika.mehta@gmail.com,Anika@123
saanvi.reddy@gmail.com,Saanvi@123
arjun.desai@gmail.com,Arjun@123
aditya.verma@gmail.com,Aditya@123
reyansh.verma@gmail.com,Reyansh@123
aarohi.sharma@gmail.com,Aarohi@123
reyansh.gupta@gmail.com,Reyansh@123
krishna.mehta@gmail.com,Krishna@123
krishna.reddy@gmail.com,Krishna@123
aditya.kumar@gmail.com,Aditya@123
sai.singh@gmail.com,Sai@123
aarav.reddy@gmail.com,Aarav@123
meera.reddy@gmail.com,Meera@123
sai.nair@gmail.com,Sai@123
vivaan.desai@gmail.com,Vivaan@123
sai.desai@gmail.com,Sai@123
anika.desai@gmail.com,Anika@123
reyansh.reddy@gmail.com,Reyansh@123
aditya.sharma@gmail.com,Aditya@123
anaya.gupta@gmail.com,Anaya@123
sai.kumar@gmail.com,Sai@123
sai.singh@gmail.com,Sai@123
arjun.patel@gmail.com,Arjun@123
aarohi.nair@gmail.com,Aarohi@123
diya.patel@gmail.com,Diya@123
meera.singh@gmail.com,Meera@123
anaya.mehta@gmail.com,Anaya@123
arjun.desai@gmail.com,Arjun@123
myra.nair@gmail.com,Myra@123
diya.gupta@gmail.com,Diya@123
shaurya.singh@gmail.com,Shaurya@123
diya.verma@gmail.com,Diya@123
reyansh.singh@gmail.com,Reyansh@123
aditya.sharma@gmail.com,Aditya@123
aadhya.patel@gmail.com,Aadhya@123
aditya.sharma@gmail.com,Aditya@123
anaya.mehta@gmail.com,Anaya@123
reyansh.singh@gmail.com,Reyansh@123
aarav.mehta@gmail.com,Aarav@123
aarohi.reddy@gmail.com,Aarohi@123
shaurya.verma@gmail.com,Shaurya@123
reyansh.sharma@gmail.com,Reyansh@123
diya.reddy@gmail.com,Diya@123
diya.mehta@gmail.com,Diya@123
myra.verma@gmail.com,Myra@123
vihaan.gupta@gmail.com,Vihaan@123
sai.verma@gmail.com,Sai@123
myra.patel@gmail.com,Myra@123
krishna.reddy@gmail.com,Krishna@123
sai.desai@gmail.com,Sai@123
shaurya.reddy@gmail.com,Shaurya@123
saanvi.mehta@gmail.com,Saanvi@123
meera.desai@gmail.com,Meera@123
aarav.mehta@gmail.com,Aarav@123
aarav.kumar@gmail.com,Aarav@123
saanvi.patel@gmail.com,Saanvi@123
anaya.reddy@gmail.com,Anaya@123
saanvi.patel@gmail.com,Saanvi@123
krishna.nair@gmail.com,Krishna@123
vihaan.sharma@gmail.com,Vihaan@123
ira.sharma@gmail.com,Ira@123
aarohi.singh@gmail.com,Aarohi@123
vihaan.sharma@gmail.com,Vihaan@123
aarohi.mehta@gmail.com,Aarohi@123
sai.desai@gmail.com,Sai@123
arjun.nair@gmail.com,Arjun@123
anika.mehta@gmail.com,Anika@123
sai.nair@gmail.com,Sai@123
myra.sharma@gmail.com,Myra@123
vihaan.desai@gmail.com,Vihaan@123
aarohi.patel@gmail.com,Aarohi@123
anaya.sharma@gmail.com,Anaya@123
avni.kumar@gmail.com,Avni@123
anaya.desai@gmail.com,Anaya@123
anaya.patel@gmail.com,Anaya@123
ishaan.mehta@gmail.com,Ishaan@123
aarav.patel@gmail.com,Aarav@123
saanvi.gupta@gmail.com,Saanvi@123
aditya.singh@gmail.com,Aditya@123
reyansh.nair@gmail.com,Reyansh@123
ishaan.reddy@gmail.com,Ishaan@123
arjun.singh@gmail.com,Arjun@123
meera.gupta@gmail.com,Meera@123
avni.gupta@gmail.com,Avni@123
aarav.nair@gmail.com,Aarav@123
aditya.kumar@gmail.com,Aditya@123
anaya.kumar@gmail.com,Anaya@123
anika.patel@gmail.com,Anika@123
sai.desai@gmail.com,Sai@123
myra.reddy@gmail.com,Myra@123
aadhya.gupta@gmail.com,Aadhya@123
saanvi.reddy@gmail.com,Saanvi@123
meera.sharma@gmail.com,Meera@123
krishna.kumar@gmail.com,Krishna@123
aarav.kumar@gmail.com,Aarav@123
aarav.kumar@gmail.com,Aarav@123
aditya.sharma@gmail.com,Aditya@123
ira.kumar@gmail.com,Ira@123
shaurya.mehta@gmail.com,Shaurya@123
ira.nair@gmail.com,Ira@123
reyansh.reddy@gmail.com,Reyansh@123
ira.gupta@gmail.com,Ira@123
aarohi.verma@gmail.com,Aarohi@123
aditya.nair@gmail.com,Aditya@123
aarohi.kumar@gmail.com,Aarohi@123
aadhya.reddy@gmail.com,Aadhya@123
aditya.desai@gmail.com,Aditya@123
krishna.desai@gmail.com,Krishna@123
krishna.gupta@gmail.com,Krishna@123
diya.mehta@gmail.com,Diya@123
aarohi.desai@gmail.com,Aarohi@123
ishaan.verma@gmail.com,Ishaan@123
myra.gupta@gmail.com,Myra@123
vivaan.gupta@gmail.com,Vivaan@123
avni.desai@gmail.com,Avni@123
saanvi.kumar@gmail.com,Saanvi@123
ira.nair@gmail.com,Ira@123
myra.nair@gmail.com,Myra@123
myra.mehta@gmail.com,Myra@123
vivaan.desai@gmail.com,Vivaan@123
shaurya.verma@gmail.com,Shaurya@123
krishna.reddy@gmail.com,Krishna@123
arjun.sharma@gmail.com,Arjun@123
aarav.kumar@gmail.com,Aarav@123
vihaan.verma@gmail.com,Vihaan@123
aadhya.mehta@gmail.com,Aadhya@123
diya.patel@gmail.com,Diya@123
diya.gupta@gmail.com,Diya@123
diya.sharma@gmail.com,Diya@123
myra.verma@gmail.com,Myra@123
diya.nair@gmail.com,Diya@123
reyansh.verma@gmail.com,Reyansh@123
shaurya.desai@gmail.com,Shaurya@123
aarav.kumar@gmail.com,Aarav@123
meera.kumar@gmail.com,Meera@123
myra.patel@gmail.com,Myra@123
anaya.sharma@gmail.com,Anaya@123
anaya.reddy@gmail.com,Anaya@123
aarav.sharma@gmail.com,Aarav@123
aditya.singh@gmail.com,Aditya@123
aadhya.mehta@gmail.com,Aadhya@123
anaya.kumar@gmail.com,Anaya@123
aarav.reddy@gmail.com,Aarav@123
reyansh.sharma@gmail.com,Reyansh@123
sai.singh@gmail.com,Sai@123
vihaan.singh@gmail.com,Vihaan@123
sai.desai@gmail.com,Sai@123
meera.sharma@gmail.com,Meera@123
aadhya.mehta@gmail.com,Aadhya@123
reyansh.patel@gmail.com,Reyansh@123
arjun.reddy@gmail.com,Arjun@123
vivaan.desai@gmail.com,Vivaan@123
aditya.verma@gmail.com,Aditya@123
ira.verma@gmail.com,Ira@123
ishaan.kumar@gmail.com,Ishaan@123
arjun.verma@gmail.com,Arjun@123
aditya.patel@gmail.com,Aditya@123
ishaan.verma@gmail.com,Ishaan@123
ishaan.sharma@gmail.com,Ishaan@123
aditya.nair@gmail.com,Aditya@123
vivaan.mehta@gmail.com,Vivaan@123
aarav.gupta@gmail.com,Aarav@123
aarohi.sharma@gmail.com,Aarohi@123
aarohi.patel@gmail.com,Aarohi@123
aarav.patel@gmail.com,Aarav@123
anaya.sharma@gmail.com,Anaya@123
vihaan.nair@gmail.com,Vihaan@123
myra.gupta@gmail.com,Myra@123
reyansh.mehta@gmail.com,Reyansh@123
ishaan.singh@gmail.com,Ishaan@123
diya.mehta@gmail.com,Diya@123
anika.kumar@gmail.com,Anika@123
reyansh.verma@gmail.com,Reyansh@123
ishaan.singh@gmail.com,Ishaan@123
avni.nair@gmail.com,Avni@123
anika.verma@gmail.com,Anika@123
reyansh.reddy@gmail.com,Reyansh@123
sai.desai@gmail.com,Sai@123
avni.gupta@gmail.com,Avni@123
vihaan.gupta@gmail.com,Vihaan@123
anika.desai@gmail.com,Anika@123
avni.sharma@gmail.com,Avni@123
arjun.singh@gmail.com,Arjun@123
vivaan.sharma@gmail.com,Vivaan@123
sai.desai@gmail.com,Sai@123
shaurya.gupta@gmail.com,Shaurya@123
aadhya.singh@gmail.com,Aadhya@123
aarohi.mehta@gmail.com,Aarohi@123
saanvi.sharma@gmail.com,Saanvi@123
anika.reddy@gmail.com,Anika@123
arjun.reddy@gmail.com,Arjun@123
myra.mehta@gmail.com,Myra@123
vihaan.kumar@gmail.com,Vihaan@123
krishna.mehta@gmail.com,Krishna@123
shaurya.mehta@gmail.com,Shaurya@123
reyansh.mehta@gmail.com,Reyansh@123
aarohi.kumar@gmail.com,Aarohi@123
aarohi.sharma@gmail.com,Aarohi@123
shaurya.gupta@gmail.com,Shaurya@123
saanvi.singh@gmail.com,Saanvi@123
meera.nair@gmail.com,Meera@123
vivaan.reddy@gmail.com,Vivaan@123
saanvi.verma@gmail.com,Saanvi@123
vivaan.mehta@gmail.com,Vivaan@123
avni.nair@gmail.com,Avni@123
reyansh.desai@gmail.com,Reyansh@123
arjun.gupta@gmail.com,Arjun@123
aarav.verma@gmail.com,Aarav@123
anika.verma@gmail.com,Anika@123
aditya.desai@gmail.com,Aditya@123
shaurya.desai@gmail.com,Shaurya@123
avni.sharma@gmail.com,Avni@123
myra.desai@gmail.com,Myra@123
aditya.patel@gmail.com,Aditya@123
vihaan.mehta@gmail.com,Vihaan@123
saanvi.gupta@gmail.com,Saanvi@123
aadhya.verma@gmail.com,Aadhya@123
aadhya.kumar@gmail.com,Aadhya@123
anika.verma@gmail.com,Anika@123
aditya.kumar@gmail.com,Aditya@123
aarav.reddy@gmail.com,Aarav@123
krishna.nair@gmail.com,Krishna@123
ishaan.patel@gmail.com,Ishaan@123
aditya.sharma@gmail.com,Aditya@123
anaya.verma@gmail.com,Anaya@123
avni.singh@gmail.com,Avni@123
anaya.patel@gmail.com,Anaya@123
aarav.mehta@gmail.com,Aarav@123
diya.reddy@gmail.com,Diya@123
aadhya.reddy@gmail.com,Aadhya@123
arjun.verma@gmail.com,Arjun@123
avni.desai@gmail.com,Avni@123
saanvi.patel@gmail.com,Saanvi@123
vivaan.verma@gmail.com,Vivaan@123
vivaan.nair@gmail.com,Vivaan@123
aarav.verma@gmail.com,Aarav@123
anika.singh@gmail.com,Anika@123
avni.mehta@gmail.com,Avni@123
aditya.kumar@gmail.com,Aditya@123
meera.gupta@gmail.com,Meera@123
krishna.singh@gmail.com,Krishna@123
aditya.nair@gmail.com,Aditya@123
saanvi.desai@gmail.com,Saanvi@123
vivaan.desai@gmail.com,Vivaan@123
saanvi.sharma@gmail.com,Saanvi@123
vivaan.gupta@gmail.com,Vivaan@123
anaya.desai@gmail.com,Anaya@123
vihaan.desai@gmail.com,Vihaan@123
vivaan.kumar@gmail.com,Vivaan@123
meera.reddy@gmail.com,Meera@123
saanvi.patel@gmail.com,Saanvi@123
diya.sharma@gmail.com,Diya@123
myra.reddy@gmail.com,Myra@123
saanvi.patel@gmail.com,Saanvi@123
myra.patel@gmail.com,Myra@123
sai.sharma@gmail.com,Sai@123
arjun.kumar@gmail.com,Arjun@123
anaya.reddy@gmail.com,Anaya@123
meera.nair@gmail.com,Meera@123
aarav.nair@gmail.com,Aarav@123
vivaan.kumar@gmail.com,Vivaan@123
reyansh.mehta@gmail.com,Reyansh@123
krishna.mehta@gmail.com,Krishna@123
ira.singh@gmail.com,Ira@123
myra.gupta@gmail.com,Myra@123
aadhya.patel@gmail.com,Aadhya@123
reyansh.reddy@gmail.com,Reyansh@123
ishaan.sharma@gmail.com,Ishaan@123
ira.singh@gmail.com,Ira@123
meera.sharma@gmail.com,Meera@123
shaurya.gupta@gmail.com,Shaurya@123
arjun.patel@gmail.com,Arjun@123
myra.reddy@gmail.com,Myra@123
aarav.verma@gmail.com,Aarav@123
vivaan.patel@gmail.com,Vivaan@123
aarohi.singh@gmail.com,Aarohi@123
vivaan.mehta@gmail.com,Vivaan@123
aditya.sharma@gmail.com,Aditya@123
reyansh.verma@gmail.com,Reyansh@123
shaurya.kumar@gmail.com,Shaurya@123
ishaan.nair@gmail.com,Ishaan@123
arjun.nair@gmail.com,Arjun@123
anaya.desai@gmail.com,Anaya@123
meera.nair@gmail.com,Meera@123
aarohi.gupta@gmail.com,Aarohi@123
avni.nair@gmail.com,Avni@123
reyansh.verma@gmail.com,Reyansh@123
ishaan.singh@gmail.com,Ishaan@123
ira.kumar@gmail.com,Ira@123
vihaan.nair@gmail.com,Vihaan@123
ishaan.patel@gmail.com,Ishaan@123
anika.singh@gmail.com,Anika@123
vivaan.sharma@gmail.com,Vivaan@123
ishaan.patel@gmail.com,Ishaan@123
ishaan.verma@gmail.com,Ishaan@123
saanvi.patel@gmail.com,Saanvi@123
vivaan.patel@gmail.com,Vivaan@123
anaya.kumar@gmail.com,Anaya@123
shaurya.reddy@gmail.com,Shaurya@123
ishaan.reddy@gmail.com,Ishaan@123
saanvi.nair@gmail.com,Saanvi@123
vihaan.kumar@gmail.com,Vihaan@123
shaurya.kumar@gmail.com,Shaurya@123
avni.desai@gmail.com,Avni@123
sai.gupta@gmail.com,Sai@123
meera.kumar@gmail.com,Meera@123
krishna.sharma@gmail.com,Krishna@123
vivaan.verma@gmail.com,Vivaan@123
krishna.desai@gmail.com,Krishna@123
sai.desai@gmail.com,Sai@123
arjun.patel@gmail.com,Arjun@123
myra.nair@gmail.com,Myra@123
vivaan.kumar@gmail.com,Vivaan@123
vivaan.reddy@gmail.com,Vivaan@123
krishna.kumar@gmail.com,Krishna@123
myra.reddy@gmail.com,Myra@123
aditya.gupta@gmail.com,Aditya@123
ira.reddy@gmail.com,Ira@123
vihaan.gupta@gmail.com,Vihaan@123
saanvi.verma@gmail.com,Saanvi@123
ishaan.nair@gmail.com,Ishaan@123
anaya.mehta@gmail.com,Anaya@123
aarohi.mehta@gmail.com,Aarohi@123
diya.reddy@gmail.com,Diya@123
sai.sharma@gmail.com,Sai@123
anika.nair@gmail.com,Anika@123
reyansh.desai@gmail.com,Reyansh@123
anika.nair@gmail.com,Anika@123
aditya.mehta@gmail.com,Aditya@123
ira.patel@gmail.com,Ira@123
meera.desai@gmail.com,Meera@123
aarohi.verma@gmail.com,Aarohi@123
anaya.verma@gmail.com,Anaya@123
anika.singh@gmail.com,Anika@123
reyansh.kumar@gmail.com,Reyansh@123
sai.kumar@gmail.com,Sai@123
aditya.mehta@gmail.com,Aditya@123
aarav.desai@gmail.com,Aarav@123
meera.gupta@gmail.com,Meera@123
aadhya.kumar@gmail.com,Aadhya@123
arjun.nair@gmail.com,Arjun@123
ira.kumar@gmail.com,Ira@123
vihaan.gupta@gmail.com,Vihaan@123
ira.nair@gmail.com,Ira@123
saanvi.sharma@gmail.com,Saanvi@123
diya.patel@gmail.com,Diya@123
myra.patel@gmail.com,Myra@123
avni.mehta@gmail.com,Avni@123
meera.kumar@gmail.com,Meera@123
aarav.reddy@gmail.com,Aarav@123
meera.singh@gmail.com,Meera@123
vihaan.desai@gmail.com,Vihaan@123
diya.reddy@gmail.com,Diya@123
aarohi.reddy@gmail.com,Aarohi@123
anaya.reddy@gmail.com,Anaya@123
myra.sharma@gmail.com,Myra@123
aarav.nair@gmail.com,aarav@123
aryamady@gmail.com,Madhuri@29
shau@gmail.com,3456
archanashendkar587@gmail.com,archana@25
vedantgiri@1616.com,1616
